bookingID,userID,eventID,createdAt,bookingStatus
B9003,U013,E201,2026-04-01T14:45:41.075385900,CONFIRMED
B9014,U021,E203,2026-04-01T14:45:41.080903800,CONFIRMED
B9004,U022,E203,2026-04-01T14:45:41.075385900,CONFIRMED
B9015,U023,E203,2026-04-01T14:45:41.081902700,CONFIRMED
B9005,U020,E202,2026-04-01T14:45:41.076385200,CONFIRMED
B9016,U019,E202,2026-04-01T14:45:41.081902700,WAITLISTED
B9006,U007,E102,2026-04-01T14:45:41.076385200,CONFIRMED
B9017,U006,E102,2026-04-01T14:45:41.083903200,WAITLISTED
B9010,U002,E101,2026-04-01T14:45:41.078386200,CONFIRMED
B9021,U004,E101,2026-04-01T14:45:41.088903600,WAITLISTED
B9000,U015,E201,2026-04-01T14:45:41.069387,CONFIRMED
B9011,U012,E103,2026-04-01T14:45:41.078386200,CONFIRMED
B9022,U011,E103,2026-04-01T14:45:41.089901600,CONFIRMED
B9001,U018,E202,2026-04-01T14:45:41.074390700,CONFIRMED
B9012,U009,E103,2026-04-01T14:45:41.078386200,CONFIRMED
B9002,U010,E103,2026-04-01T14:45:41.074390700,CONFIRMED
B9013,U008,E102,2026-04-01T14:45:41.079894300,WAITLISTED
B9020,U017,E201,2026-04-01T14:45:41.087902300,WAITLISTED
B9007,U005,E102,2026-04-01T14:45:41.076385200,CONFIRMED
B9018,U003,E101,2026-04-01T14:45:41.084902600,CONFIRMED
B9008,U014,E201,2026-04-01T14:45:41.077386400,CONFIRMED
B9019,U016,E201,2026-04-01T14:45:41.086905400,WAITLISTED
B9009,U001,E101,2026-04-01T14:45:41.077386400,CONFIRMED
